station,run
11,1005
11,1051
11,1067
11,1068
11,1069
11,1070
11,1071
11,1072
11,1073
11,1074
11,1075
11,1076
11,1077
11,1078
11,1079
11,1080
11,1081
11,1082
11,1083
11,1086
11,1087
11,1088
11,1089
11,1090
11,1091
11,1092
11,1094
11,1095
11,1096
11,1097
11,1099
11,1100
11,1101
11,1102
11,1103
11,1104
11,1106
11,1107
11,1108
11,1109
11,1110
11,1111
11,1112
11,1113
11,1114
11,1115
11,1116
11,1117
11,1118
11,1119
11,1120
11,1121
11,1122
11,1123
11,1124
11,1125
11,1126
11,1127
11,1128
11,1129
11,1130
11,1135
11,1136
11,1137
11,1138
11,1139
11,1140
11,1142
11,1145
11,1146
11,1147
11,1148
11,1149
11,1150
11,1151
11,1155
11,1156
11,1157
11,1158
11,1159
11,1160
11,1161
11,1162
11,1163
11,1165
11,1166
11,1167
11,1168
11,1170
11,1171
11,1172
11,1173
11,1174
11,1175
11,1176
11,1177
11,1178
11,1179
11,1183
11,1184
11,1185
11,1186
11,1187
11,1188
11,1189
11,1190
11,1191
11,1192
11,1193
11,1196
11,1197
11,1198
11,1199
11,1202
11,1203
11,1204
11,1205
11,1206
11,1207
11,1208
11,1209
11,1212
11,1213
11,1214
11,1215
11,1216
11,1217
11,1218
11,1219
11,1220
11,1221
11,1224
11,1225
11,1226
11,1227
11,1228
11,1229
11,1230
11,1231
11,1232
11,1233
11,1234
11,1238
11,1239
11,1240
11,1241
11,1242
11,1243
11,1245
11,1246
11,1248
11,1249
11,1250
11,1251
11,1252
11,1253
11,1254
11,1256
11,1257
11,1258
11,1259
11,1262
11,1263
11,1264
11,1265
11,1266
11,1267
11,1269
11,1270
11,1274
11,1275
11,1276
11,1277
11,1278
11,1279
11,1280
11,1281
11,1282
11,1283
11,1286
11,1287
11,1288
11,1289
11,1290
11,1291
11,1292
11,1293
11,1294
11,1298
11,1299
11,1300
11,1301
11,1302
11,1303
11,1304
11,1305
11,1309
11,1310
11,1311
11,1312
11,1313
11,1314
11,1315
11,1316
11,1317
11,1318
11,1320
11,1321
11,1322
11,1323
11,1324
11,1325
11,1326
11,1327
11,1329
11,1330
11,1332
11,1333
11,1334
11,1335
11,1336
11,1337
11,1338
11,1339
11,1340
11,1341
11,1342
11,1344
11,1345
11,1346
11,1347
11,1348
11,1349
11,1350
11,1351
11,1352
11,1355
11,1359
11,1360
11,1361
11,1362
11,1363
11,1364
11,1365
11,1366
11,1367
11,1369
11,1370
11,1371
11,1372
11,1373
11,1374
11,1375
11,1376
11,1377
11,1378
11,1380
11,1381
11,1382
11,1383
11,1384
11,1385
11,1386
11,1387
11,1390
11,1392
11,1393
11,1394
11,1395
11,1396
11,1397
11,1398
11,1399
11,1400
11,1401
11,1402
11,1403
11,1404
11,1405
11,1407
11,1408
11,1409
11,1410
11,1411
11,1412
11,1413
11,1414
11,1415
11,1416
11,1417
11,1418
11,1419
11,1420
11,1421
11,1422
11,1423
11,1424
11,1425
11,1426
11,1427
11,1428
11,1429
11,1430
11,1431
11,1432
11,1433
11,1434
11,1435
11,1436
11,1437
11,1438
11,1439
11,1440
11,1441
11,1442
11,1443
11,1444
11,1445
11,1446
11,1447
11,1448
11,1449
11,1450
11,1451
11,1452
11,1453
11,1454
11,1455
11,1456
11,1457
11,1458
11,1459
11,1460
11,1461
11,1462
11,1463
11,1464
11,1465
11,1466
11,1467
11,1468
11,1469
11,1470
11,1471
11,1472
11,1473
11,1474
11,1475
11,1476
11,1477
11,1478
11,1479
11,1480
11,1481
11,1482
11,1485
11,1486
11,1487
11,1488
11,1489
11,1490
11,1491
11,1492
11,1493
11,1494
11,1495
11,1496
11,1497
11,1498
11,1499
11,1500
11,1501
11,1502
11,1503
11,1504
11,1505
11,1506
11,1507
11,1508
11,1509
11,1510
11,1511
11,1513
11,1515
11,1516
11,1517
11,1518
11,1519
11,1520
11,1521
11,1523
11,1524
11,1525
11,1526
11,1527
11,1528
11,1529
11,1530
11,1531
11,1532
11,1533
11,1535
11,1539
11,1540
11,1541
11,1542
11,1543
11,1544
11,1545
11,1546
11,1548
11,1549
11,1550
11,1551
11,1552
11,1553
11,1554
11,1555
11,1556
11,1557
11,1558
11,1563
11,1564
11,1565
11,1566
11,1567
11,1568
11,1569
11,1570
11,1571
11,1573
11,1574
11,1575
11,1576
11,1577
11,1578
11,1579
11,1580
11,1581
11,1582
11,1583
11,1585
11,1586
11,1587
11,1588
11,1589
11,1590
11,1593
11,1594
11,1595
11,1597
11,1598
11,1599
11,1600
11,1601
11,1602
11,1605
11,1607
11,1608
11,1609
11,1610
11,1611
11,1612
11,1613
11,1614
11,1615
11,1616
11,1617
11,1618
11,1619
11,1620
11,1621
11,1622
11,1623
11,1624
11,1625
11,1626
11,1627
11,1628
11,1629
11,1630
11,1631
11,1632
11,1633
11,1634
11,1635
11,1636
11,1637
11,1638
11,1639
11,1640
11,1641
11,1644
11,1645
11,1646
11,1647
11,1648
11,1649
11,1650
11,1651
11,1652
11,1653
11,1654
11,1656
11,1657
11,1658
11,1659
11,1660
11,1661
11,1662
11,1663
11,1664
11,1665
11,1666
11,1667
11,1670
11,1671
11,1672
11,1673
11,1674
11,1675
11,1676
11,1677
11,1678
11,1679
11,1683
11,1684
11,1686
11,1688
11,1689
11,1690
11,1691
11,1692
11,1693
11,1694
11,1695
11,1696
11,1697
11,1698
11,1701
11,1702
11,1703
11,1704
11,1707
11,1708
11,1709
11,1710
11,1711
11,1712
11,1713
11,1714
11,1717
11,1718
11,1719
11,1720
11,1721
11,1722
11,1723
11,1724
11,1725
11,1726
11,1727
11,1728
11,1729
11,1730
11,1734
11,1735
11,1736
11,1737
11,1738
11,1739
11,1740
11,1741
11,1742
11,1743
11,1744
11,1745
11,1746
11,1747
11,1748
11,1749
11,1750
11,1751
11,1752
11,1753
11,1754
11,1755
11,1756
11,1757
11,1758
11,1759
11,1760
11,1761
11,1762
11,1764
11,1765
11,1766
11,1767
11,1768
11,1769
11,1770
11,1771
11,1772
11,1773
11,1775
11,1776
11,1777
11,1778
11,1779
11,1780
11,1781
11,1782
11,1783
11,1784
11,1785
11,1786
11,1787
11,1788
11,1789
11,1790
11,1791
11,1792
11,1793
11,1794
11,1795
11,1796
11,1809
11,1810
11,1812
11,1813
11,1814
11,1815
11,1816
11,1817
11,1818
11,1819
11,1821
11,1822
11,1825
11,1826
11,1827
11,1828
11,1829
11,1830
11,1833
11,1834
11,1836
11,1837
11,1838
11,1839
11,1840
11,1841
11,1842
11,1843
11,1844
11,1845
11,1846
11,1848
11,1849
11,1850
11,1851
11,1852
11,1853
11,1854
11,1855
11,1857
11,1860
11,1861
11,1862
11,1863
11,1864
11,1865
11,1866
11,1867
11,1868
11,1869
11,1870
11,1872
11,1873
11,1874
11,1875
11,1876
11,1877
11,1878
11,1879
11,1880
11,1891
11,1892
11,1894
11,1895
11,1896
11,1897
11,1898
11,1899
11,1900
11,1901
11,1903
11,1904
11,1905
11,1908
11,1909
11,1910
11,1911
11,1912
11,1913
11,1914
11,1915
11,1917
11,1918
11,1919
11,1920
11,1921
11,1922
11,1923
11,1924
11,1926
11,1927
12,13
12,93
12,142
12,199
12,259
12,260
12,262
12,264
12,266
12,275
12,276
12,298
12,305
12,306
12,344
12,345
12,346
12,347
12,349
12,350
12,351
12,353
12,354
12,355
12,356
12,357
12,358
12,359
12,360
12,361
12,362
12,367
12,368
12,369
12,370
12,371
12,372
12,373
12,374
12,387
12,388
12,389
12,390
12,391
12,392
12,393
12,396
12,397
12,398
12,400
12,401
12,402
12,403
12,404
12,405
12,406
12,407
12,408
12,409
12,410
12,411
12,412
12,413
12,414
12,415
12,416
12,421
12,422
12,423
12,424
12,428
12,429
12,430
12,431
12,432
12,433
12,434
12,435
12,436
12,437
12,438
12,442
12,443
12,444
12,445
12,446
12,447
12,448
12,449
12,450
12,451
12,454
12,455
12,456
12,457
12,458
12,459
12,460
12,461
12,464
12,465
12,466
12,467
12,468
12,469
12,470
12,471
12,472
12,473
12,476
12,477
12,478
12,479
12,480
12,481
12,482
12,483
12,484
12,485
12,486
12,490
12,491
12,492
12,493
12,494
12,495
12,497
12,498
12,500
12,501
12,502
12,503
12,505
12,506
12,507
12,509
12,510
12,511
12,512
12,515
12,516
12,517
12,518
12,519
12,522
12,523
12,527
12,528
12,529
12,530
12,531
12,532
12,533
12,534
12,535
12,536
12,539
12,540
12,541
12,542
12,543
12,544
12,545
12,546
12,547
12,551
12,552
12,553
12,554
12,555
12,556
12,557
12,558
12,562
12,563
12,564
12,565
12,566
12,567
12,568
12,569
12,570
12,571
12,573
12,574
12,575
12,576
12,577
12,578
12,579
12,580
12,582
12,583
12,585
12,586
12,587
12,588
12,589
12,590
12,591
12,594
12,595
12,596
12,598
12,599
12,600
12,601
12,602
12,603
12,604
12,606
12,609
12,613
12,614
12,615
12,616
12,617
12,619
12,622
12,623
12,624
12,625
12,626
12,627
12,628
12,629
12,630
12,631
12,634
12,635
12,636
12,637
12,638
12,639
12,640
12,641
12,642
12,643
12,646
12,647
12,648
12,649
12,650
12,654
12,655
12,658
12,659
12,660
12,661
12,662
12,663
12,666
12,667
12,668
12,669
12,672
12,673
12,674
12,675
12,676
12,677
12,678
12,679
12,680
12,681
12,682
12,683
12,684
12,685
12,686
12,687
12,688
12,689
12,690
12,691
12,692
12,694
12,695
12,699
12,700
12,701
12,702
12,703
12,704
12,705
12,706
12,707
12,708
12,709
12,710
12,711
12,712
12,713
12,714
12,715
12,716
12,717
12,718
12,719
12,720
12,721
12,722
12,723
12,727
12,728
12,742
12,743
12,745
12,746
12,747
12,748
12,749
12,750
12,751
12,752
12,753
12,754
12,755
12,756
12,757
12,763
12,764
12,765
12,766
12,767
12,768
12,769
12,782
12,783
12,784
12,785
12,786
12,787
12,788
12,789
12,790
12,794
12,795
12,796
12,797
12,798
12,799
12,800
12,802
12,803
12,804
12,805
12,806
12,807
12,808
12,809
12,810
12,811
12,812
12,822
12,823
12,824
12,825
12,826
12,827
12,828
12,829
12,830
12,831
12,832
12,833
12,837
12,838
12,839
12,840
12,841
12,843
12,844
12,845
12,846
12,847
12,848
12,849
12,863
12,864
12,865
12,873
12,874
12,875
12,876
12,877
12,878
12,879
12,880
12,881
12,883
12,885
12,887
12,888
12,889
12,890
12,891
12,892
12,893
12,895
12,896
12,897
12,898
12,899
12,900
12,901
12,902
12,903
12,904
12,905
12,906
12,907
12,908
12,911
12,913
12,914
12,915
12,916
12,917
12,918
12,919
12,922
12,923
12,924
12,925
12,926
12,927
12,928
12,929
12,930
12,931
12,932
12,934
12,935
12,936
12,937
12,938
12,939
12,940
12,941
12,942
12,943
12,946
12,947
12,948
12,949
12,950
12,951
12,952
12,955
12,956
12,960
12,961
12,962
12,963
12,964
12,965
12,966
12,967
12,968
12,970
12,971
12,972
12,973
12,974
12,975
12,976
12,977
12,979
12,980
13,5
13,8
13,9
13,13
13,17
13,26
13,48
13,53
13,54
13,55
13,56
13,65
13,74
13,77
13,85
13,88
13,94
13,97
13,113
13,123
13,135
13,150
13,152
13,180
13,181
13,182
13,183
13,184
13,185
13,186
13,187
13,189
13,190
13,194
13,195
13,196
13,197
13,198
13,199
13,200
13,201
13,217
13,218
13,226
13,230
13,234
13,240
13,241
13,242
13,243
13,244
13,245
13,246
13,247
13,248
13,249
13,250
13,252
13,253
13,254
13,255
13,256
13,257
13,258
13,259
13,260
13,261
13,262
13,263
13,264
13,265
13,266
13,267
13,268
13,269
13,270
13,271
13,272
13,273
13,276
13,277
13,278
13,279
13,280
13,281
13,282
13,284
13,285
13,286
13,287
13,289
13,290
13,291
13,292
13,293
13,294
13,295
13,296
13,297
13,298
13,299
13,300
13,301
13,302
13,303
13,304
13,305
13,306
13,308
13,309
13,310
13,311
13,312
13,313
13,314
13,315
13,316
13,317
13,318
13,319
13,320
13,325
13,326
13,327
13,328
13,329
13,330
13,332
13,335
13,336
13,337
13,338
13,340
13,341
13,342
13,343
13,363
13,364
13,365
13,382
13,383
13,384
13,390
13,404
13,405
13,406
13,407
13,408
13,414
13,419
13,420
13,434
13,435
13,436
13,437
13,438
13,439
13,440
13,441
13,442
13,443
13,445
13,446
13,447
13,450
13,451
13,452
13,454
13,455
13,456
13,457
13,458
13,462
13,463
13,464
13,465
13,466
13,467
13,468
13,469
13,470
13,471
13,472
13,473
13,477
13,478
13,479
13,480
13,481
13,482
13,483
13,484
13,485
13,486
13,489
13,490
13,491
13,492
13,493
13,494
13,495
13,496
13,499
13,500
13,501
13,502
13,503
13,504
13,505
13,506
13,507
13,508
13,511
13,512
13,513
13,514
13,515
13,516
13,517
13,518
13,519
13,520
13,521
13,525
13,526
13,527
13,528
13,529
13,530
13,532
13,533
13,535
13,536
13,537
13,538
13,539
13,540
13,541
13,543
13,544
13,545
13,546
13,549
13,550
13,551
13,552
13,556
13,557
13,561
13,562
13,563
13,564
13,565
13,566
13,567
13,568
13,571
13,574
13,575
13,576
13,577
13,578
13,579
13,580
13,581
13,582
13,586
13,587
13,588
13,589
13,590
13,591
13,592
13,593
13,597
13,598
13,599
13,600
13,601
13,602
13,603
13,604
13,605
13,606
13,608
13,609
13,610
13,611
13,612
13,613
13,614
13,615
13,617
13,618
13,620
13,621
13,622
13,623
13,624
13,625
13,626
13,627
13,628
13,629
13,630
13,632
13,633
13,634
13,635
13,636
13,637
13,638
13,639
13,640
13,642
13,645
13,649
13,650
13,651
13,652
13,653
13,655
13,656
13,658
13,659
13,660
13,661
13,662
13,663
13,664
13,665
13,666
13,667
13,668
13,670
13,671
13,672
13,673
13,674
13,675
13,676
13,677
13,679
13,682
13,683
13,684
13,685
13,686
13,687
13,688
13,689
13,690
13,691
13,692
13,694
13,696
13,697
13,698
13,699
13,700
13,701
13,702
13,703
13,704
13,706
13,707
13,708
13,709
13,710
13,711
13,712
13,713
13,714
13,715
13,716
13,717
13,718
13,719
13,720
13,721
13,722
13,723
13,724
13,725
13,726
13,727
13,728
13,729
13,730
13,731
13,732
13,733
13,734
13,735
13,736
13,737
13,738
13,739
13,740
13,741
13,742
13,743
13,744
13,745
13,746
13,747
13,748
13,749
13,750
13,751
13,752
13,753
13,754
13,755
13,756
13,757
13,758
13,759
13,760
13,761
13,762
13,763
13,764
13,766
13,767
13,768
13,769
13,770
13,771
13,772
13,775
13,776
13,778
13,779
13,780
13,781
13,782
13,783
13,784
13,785
13,786
13,787
13,788
13,789
13,790
13,791
13,794
13,795
13,796
13,797
13,798
13,799
13,800
13,801
13,804
13,806
13,807
13,808
13,809
13,810
13,811
13,813
13,814
13,815
13,816
13,817
13,818
13,819
13,820
13,821
13,822
13,823
13,824
13,825
13,829
13,830
13,831
13,832
13,833
13,834
13,835
13,836
13,837
13,839
13,840
13,841
13,842
13,843
13,844
13,845
13,846
13,847
13,848
13,853
13,854
13,855
13,856
13,857
13,858
13,860
13,861
13,864
13,865
13,866
13,867
13,868
13,869
13,870
13,871
13,872
13,873
13,876
13,877
13,878
13,879
13,880
13,881
13,884
13,885
13,888
13,889
13,890
13,891
13,892
13,893
13,896
13,897
13,898
13,899
13,900
13,901
13,902
13,903
13,904
13,905
13,906
13,907
13,908
13,909
13,910
13,911
13,912
13,913
13,914
13,915
13,916
13,917
13,918
13,919
13,920
13,921
13,922
13,923
13,924
13,925
13,926
13,927
13,928
13,929
13,930
13,931
13,932
13,935
13,936
13,937
13,938
13,939
13,940
13,941
13,942
13,943
13,944
13,945
13,947
13,948
13,949
13,950
13,951
13,952
13,953
13,954
13,955
13,956
13,957
13,961
13,962
13,963
13,964
13,965
13,966
13,967
13,968
13,969
13,973
13,974
13,975
13,984
13,992
13,993
13,994
13,996
13,997
13,998
13,999
13,1000
13,1001
13,1002
13,1003
13,1006
13,1007
13,1008
13,1009
13,1011
13,1012
13,1013
13,1014
13,1015
13,1016
13,1017
13,1018
13,1019
13,1022
13,1023
13,1024
13,1025
13,1026
13,1027
13,1028
13,1029
13,1030
13,1031
13,1032
13,1033
13,1034
13,1035
13,1036
13,1037
13,1038
13,1039
13,1040
13,1041
13,1047
13,1048
13,1049
13,1050
13,1051
13,1052
13,1053
13,1054
13,1055
13,1056
13,1057
13,1067
13,1068
13,1069
13,1083
21,1015
21,1037
21,1049
21,1079
21,1094
21,1096
21,1108
21,1116
21,1117
21,1136
21,1143
21,1176
21,1182
21,1204
21,1205
21,1206
21,1207
21,1208
21,1211
21,1213
21,1214
21,1215
21,1219
21,1220
21,1222
21,1223
21,1224
21,1225
21,1229
21,1230
21,1231
21,1232
21,1233
21,1237
21,1238
21,1241
21,1242
21,1243
21,1244
21,1245
21,1246
21,1247
21,1248
21,1249
21,1250
21,1251
21,1252
21,1253
21,1254
21,1255
21,1256
21,1257
21,1258
21,1261
21,1265
21,1266
21,1267
21,1268
21,1269
21,1272
21,1282
21,1283
21,1284
21,1289
21,1290
21,1291
21,1292
21,1293
21,1294
21,1295
21,1296
21,1298
21,1299
21,1302
21,1312
21,1313
21,1314
21,1315
21,1316
21,1317
21,1319
21,1322
21,1323
21,1324
21,1325
21,1326
21,1327
21,1328
21,1329
21,1330
21,1331
21,1332
21,1333
21,1334
21,1339
21,1343
21,1344
21,1346
21,1347
21,1352
21,1353
21,1354
21,1355
21,1356
21,1357
21,1359
21,1364
21,1365
21,1366
21,1367
21,1368
21,1369
21,1370
21,1371
21,1374
21,1375
21,1376
21,1377
21,1378
21,1379
21,1380
21,1381
21,1383
21,1384
21,1388
21,1389
21,1390
21,1391
21,1392
21,1393
21,1394
21,1402
21,1403
21,1404
21,1405
21,1406
21,1407
21,1408
21,1409
21,1410
21,1412
21,1413
21,1414
21,1417
21,1418
21,1419
21,1420
21,1421
21,1426
21,1427
21,1428
21,1429
21,1430
21,1431
21,1432
21,1433
21,1435
21,1436
21,1437
21,1438
21,1441
21,1442
21,1443
21,1444
21,1445
21,1446
21,1447
21,1448
21,1450
21,1451
21,1452
21,1453
21,1454
21,1455
21,1456
21,1457
21,1458
21,1459
21,1460
21,1461
21,1462
21,1463
21,1464
21,1465
21,1466
21,1467
21,1468
21,1469
21,1470
21,1471
21,1474
21,1475
21,1476
21,1477
21,1478
21,1479
21,1480
21,1482
21,1483
21,1484
21,1485
21,1487
21,1488
21,1489
21,1490
21,1491
21,1492
21,1494
21,1495
21,1496
21,1497
21,1498
21,1499
21,1500
21,1501
21,1502
21,1503
21,1504
21,1505
21,1506
21,1507
21,1508
21,1509
21,1510
21,1511
21,1512
21,1513
21,1514
21,1515
21,1516
21,1517
21,1518
21,1523
21,1524
21,1525
21,1526
21,1527
21,1528
21,1530
21,1533
21,1534
21,1535
21,1536
21,1537
21,1538
21,1539
21,1543
21,1544
21,1545
21,1546
21,1547
21,1548
21,1549
21,1550
21,1551
21,1553
21,1554
21,1555
21,1556
21,1558
21,1559
21,1560
21,1561
21,1562
21,1563
21,1564
21,1565
21,1568
21,1569
21,1573
21,1574
21,1575
21,1576
21,1577
21,1578
21,1579
21,1580
21,1581
21,1582
21,1583
21,1587
21,1588
21,1589
21,1590
21,1591
21,1592
21,1593
21,1594
21,1595
21,1596
21,1597
21,1600
21,1601
21,1602
21,1603
21,1604
21,1605
21,1606
21,1607
21,1608
21,1610
21,1611
21,1612
21,1613
21,1614
21,1615
21,1616
21,1617
21,1618
21,1619
21,1622
21,1623
21,1624
21,1625
21,1626
21,1627
21,1628
21,1629
21,1630
21,1631
21,1632
21,1633
21,1637
21,1638
21,1639
21,1640
21,1641
21,1642
21,1643
21,1644
21,1646
21,1647
21,1648
21,1649
21,1650
21,1651
21,1652
21,1653
21,1654
21,1655
21,1656
21,1657
21,1661
21,1662
21,1663
21,1664
21,1665
21,1667
21,1669
21,1672
21,1673
21,1674
21,1675
21,1676
21,1677
21,1678
21,1679
21,1680
21,1681
21,1684
21,1685
21,1686
21,1687
21,1688
21,1689
21,1690
21,1691
21,1692
21,1696
21,1697
21,1698
21,1699
21,1700
21,1701
21,1702
21,1703
21,1707
21,1708
21,1709
21,1710
21,1711
21,1712
21,1713
21,1714
21,1715
21,1716
21,1719
21,1720
21,1721
21,1722
21,1723
21,1724
21,1725
21,1727
21,1728
21,1730
21,1731
21,1732
21,1733
21,1734
21,1735
21,1736
21,1737
21,1738
21,1739
21,1740
21,1742
21,1743
21,1744
21,1745
21,1746
21,1747
21,1748
21,1749
21,1753
21,1756
21,1757
21,1758
21,1759
21,1760
21,1761
21,1763
21,1764
21,1766
21,1767
21,1768
21,1769
21,1770
21,1771
21,1772
21,1774
21,1775
21,1776
21,1778
21,1779
21,1780
21,1781
21,1782
21,1783
21,1784
21,1787
21,1790
21,1791
21,1792
21,1793
21,1794
21,1795
21,1796
21,1797
21,1798
21,1799
21,1800
21,1802
21,1804
21,1805
21,1806
21,1807
21,1808
21,1809
21,1810
21,1811
21,1812
21,1814
21,1815
21,1816
21,1817
21,1818
21,1819
21,1820
21,1821
21,1822
21,1823
21,1824
21,1825
21,1826
21,1827
21,1828
21,1829
21,1830
21,1831
21,1832
21,1833
21,1834
21,1835
21,1836
21,1837
21,1838
21,1839
21,1840
21,1841
21,1842
21,1843
21,1844
21,1845
21,1846
21,1847
21,1848
21,1849
21,1850
21,1851
21,1852
21,1853
21,1854
21,1855
21,1856
21,1857
21,1858
21,1859
21,1860
21,1861
21,1862
21,1863
21,1864
21,1865
21,1866
21,1867
21,1868
21,1869
21,1870
21,1871
21,1872
21,1874
21,1875
21,1876
21,1877
21,1878
21,1879
21,1880
21,1883
21,1884
21,1885
21,1886
21,1887
21,1888
21,1889
21,1890
21,1891
21,1892
21,1893
21,1894
21,1895
21,1896
21,1898
21,1899
21,1900
21,1901
21,1902
21,1903
21,1904
21,1905
21,1906
21,1907
21,1908
21,1911
21,1912
21,1913
21,1914
21,1915
21,1916
21,1917
21,1918
21,1920
21,1921
21,1922
21,1923
21,1924
21,1925
21,1926
21,1927
21,1928
21,1929
21,1930
21,1931
21,1932
21,1936
21,1937
21,1938
21,1939
21,1940
21,1941
21,1942
21,1943
21,1946
21,1947
21,1948
21,1949
21,1950
21,1951
21,1952
21,1953
21,1954
21,1955
21,1956
21,1961
21,1962
21,1963
21,1964
21,1965
21,1966
21,1967
21,1968
21,1969
21,1972
21,1973
21,1974
21,1975
21,1976
21,1977
21,1978
21,1979
21,1980
21,1981
21,1983
21,1984
21,1985
21,1986
21,1987
21,1988
21,1991
21,1992
21,1993
21,1995
21,1996
21,1997
21,1998
21,1999
21,2000
21,2003
21,2004
21,2005
21,2006
21,2007
21,2008
21,2009
21,2010
21,2011
21,2012
21,2013
21,2014
21,2015
21,2016
21,2017
21,2018
21,2019
21,2022
21,2023
21,2024
21,2025
21,2026
21,2027
21,2028
21,2029
21,2030
21,2031
21,2032
21,2033
21,2034
21,2035
21,2036
21,2037
21,2038
21,2039
21,2040
21,2041
21,2044
21,2045
21,2046
21,2047
21,2048
21,2049
21,2050
21,2051
21,2052
21,2053
21,2054
21,2055
21,2057
21,2058
21,2059
21,2060
21,2061
21,2062
21,2063
21,2064
21,2065
21,2066
21,2067
21,2070
21,2071
21,2072
21,2073
21,2074
21,2075
21,2076
21,2077
21,2078
21,2079
21,2083
21,2084
21,2086
21,2088
21,2089
21,2090
21,2091
21,2092
21,2093
21,2094
21,2095
21,2096
21,2097
21,2098
21,2099
21,2101
21,2102
21,2103
21,2104
21,2107
21,2108
21,2109
21,2110
21,2111
21,2112
21,2113
21,2114
21,2117
21,2118
21,2119
21,2120
21,2121
21,2122
21,2123
21,2124
21,2125
21,2126
21,2127
21,2128
21,2129
21,2133
21,2134
21,2135
21,2136
21,2137
21,2138
21,2139
21,2140
21,2141
21,2142
21,2143
21,2144
21,2145
21,2146
21,2147
21,2148
21,2149
21,2150
21,2151
21,2153
21,2154
21,2155
21,2156
21,2157
21,2158
21,2159
21,2160
21,2161
21,2162
21,2163
21,2164
21,2165
21,2166
21,2167
21,2168
21,2169
21,2170
21,2171
21,2172
21,2173
21,2174
21,2175
21,2176
21,2177
21,2178
21,2179
21,2180
21,2181
21,2182
21,2183
21,2184
21,2185
21,2186
21,2188
21,2189
21,2190
21,2191
21,2192
21,2193
21,2194
21,2195
21,2196
21,2197
21,2198
21,2199
21,2200
21,2201
21,2202
21,2203
21,2205
21,2206
21,2207
21,2208
21,2209
21,2210
21,2211
21,2212
21,2213
21,2214
21,2215
21,2217
21,2218
21,2221
21,2222
21,2223
21,2224
21,2225
21,2226
21,2228
21,2229
21,2230
21,2232
21,2233
22,1007
22,1008
22,1009
22,1010
22,1011
22,1012
22,1013
22,1014
22,1015
22,1018
22,1019
22,1020
22,1021
22,1022
22,1023
22,1025
22,1027
22,1028
22,1029
22,1030
22,1031
22,1032
22,1033
22,1034
22,1035
22,1037
22,1040
22,1042
22,1043
22,1044
22,1045
22,1046
22,1047
22,1048
22,1049
22,1050
22,1053
22,1054
22,1055
22,1056
22,1057
22,1058
22,1059
22,1060
22,1061
22,1062
22,1064
22,1066
22,1067
22,1068
22,1069
22,1070
22,1071
22,1074
22,1077
22,1078
22,1079
22,1080
22,1081
22,1082
22,1095
22,1114
22,1120
22,1131
22,1133
22,1136
22,1137
22,1138
22,1139
22,1140
22,1141
22,1142
22,1145
22,1146
22,1151
22,1152
22,1153
22,1154
22,1155
22,1156
22,1157
22,1161
22,1162
22,1163
22,1164
22,1165
22,1169
22,1170
22,1173
22,1174
22,1175
22,1178
22,1179
22,1180
22,1181
22,1182
22,1183
22,1184
22,1185
22,1186
22,1187
22,1188
22,1189
22,1190
22,1191
22,1194
22,1197
22,1198
22,1199
22,1200
22,1201
22,1202
22,1204
22,1206
22,1207
22,1208
22,1209
22,1210
22,1211
22,1212
22,1213
22,1214
22,1215
22,1216
22,1221
22,1222
22,1223
22,1224
22,1225
22,1226
22,1227
22,1228
22,1230
22,1231
22,1234
22,1245
22,1246
22,1247
22,1248
22,1249
22,1250
22,1251
22,1254
22,1255
22,1256
22,1257
22,1258
22,1259
22,1260
22,1261
22,1262
22,1263
22,1264
22,1265
22,1266
22,1271
22,1272
22,1273
22,1274
22,1275
22,1276
22,1277
22,1278
22,1283
22,1284
22,1285
22,1286
22,1287
22,1288
22,1289
22,1290
22,1291
22,1295
22,1296
22,1297
22,1298
22,1299
22,1300
22,1301
22,1302
22,1304
22,1305
22,1306
22,1307
22,1308
22,1309
22,1310
22,1311
22,1314
22,1315
22,1319
22,1320
22,1321
22,1322
22,1323
22,1324
22,1325
22,1331
22,1332
22,1333
22,1334
22,1335
22,1336
22,1337
22,1338
22,1339
22,1340
22,1341
22,1342
22,1344
22,1345
22,1350
22,1351
22,1352
22,1353
22,1354
22,1355
22,1356
22,1359
22,1360
22,1361
22,1362
22,1363
22,1364
22,1365
22,1366
22,1367
22,1368
22,1369
22,1371
22,1372
22,1373
22,1374
22,1375
22,1376
22,1377
22,1378
22,1379
22,1380
22,1381
22,1382
22,1383
22,1384
22,1385
22,1386
22,1387
22,1388
22,1389
22,1390
22,1391
22,1392
22,1393
22,1396
22,1397
22,1398
22,1399
22,1400
22,1401
22,1402
22,1404
22,1405
22,1406
22,1407
22,1409
22,1410
22,1411
22,1412
22,1413
22,1414
22,1415
22,1416
22,1417
22,1418
22,1419
22,1420
22,1421
22,1422
22,1423
22,1424
22,1425
22,1426
22,1427
22,1428
22,1429
22,1430
22,1431
22,1432
22,1433
22,1434
22,1435
22,1436
22,1437
22,1438
22,1439
22,1440
22,1445
22,1446
22,1447
22,1448
22,1449
22,1450
22,1452
22,1455
22,1456
22,1457
22,1458
22,1459
22,1460
22,1461
22,1465
22,1466
22,1467
22,1468
22,1469
22,1470
22,1471
22,1472
22,1473
22,1475
22,1476
22,1477
22,1478
22,1480
22,1481
22,1484
22,1485
22,1486
22,1487
22,1488
22,1489
22,1490
22,1494
22,1495
22,1496
22,1497
22,1498
22,1499
22,1500
22,1501
22,1502
22,1503
22,1504
22,1508
22,1509
22,1510
22,1511
22,1512
22,1513
22,1514
22,1515
22,1516
22,1517
22,1518
22,1521
22,1522
22,1523
22,1524
22,1525
22,1526
22,1527
22,1528
22,1529
22,1531
22,1532
22,1533
22,1534
22,1535
22,1536
22,1537
22,1538
22,1539
22,1540
22,1543
22,1544
22,1545
22,1546
22,1547
22,1548
22,1549
22,1550
22,1551
22,1552
22,1553
22,1554
22,1558
22,1559
22,1560
22,1561
22,1562
22,1563
22,1564
22,1565
22,1567
22,1568
22,1569
22,1572
22,1573
22,1574
22,1575
22,1576
22,1577
22,1578
22,1579
22,1583
22,1584
22,1585
22,1586
22,1587
22,1589
22,1591
22,1594
22,1595
22,1596
22,1597
22,1598
22,1599
22,1600
22,1601
22,1602
22,1603
22,1606
22,1607
22,1608
22,1609
22,1610
22,1611
22,1612
22,1613
22,1614
22,1618
22,1619
22,1620
22,1621
22,1622
22,1623
22,1624
22,1625
22,1629
22,1630
22,1631
22,1632
22,1633
22,1634
22,1635
22,1636
22,1637
22,1638
22,1641
22,1642
22,1643
22,1644
22,1645
22,1646
22,1647
22,1649
22,1650
22,1652
22,1653
22,1654
22,1655
22,1656
22,1657
22,1658
22,1659
22,1660
22,1661
22,1662
22,1664
22,1665
22,1666
22,1667
22,1668
22,1669
22,1670
22,1671
22,1672
22,1676
22,1679
22,1680
22,1681
22,1682
22,1683
22,1684
22,1686
22,1687
22,1689
22,1690
22,1691
22,1692
22,1693
22,1694
22,1695
22,1696
22,1697
22,1698
22,1699
22,1701
22,1702
22,1703
22,1704
22,1705
22,1706
22,1707
22,1710
22,1713
22,1714
22,1715
22,1716
22,1717
22,1718
22,1719
22,1720
22,1721
22,1722
22,1723
22,1725
22,1727
22,1728
22,1729
22,1730
22,1731
22,1732
22,1733
22,1734
22,1735
22,1737
22,1738
22,1739
22,1740
22,1741
22,1742
22,1743
22,1744
22,1746
22,1747
22,1748
22,1749
22,1750
22,1751
22,1752
22,1753
22,1754
22,1755
22,1756
22,1757
22,1758
22,1759
22,1760
22,1761
22,1764
22,1765
22,1766
22,1767
22,1768
22,1769
22,1770
22,1771
22,1772
22,1773
22,1774
22,1775
22,1776
22,1777
22,1778
22,1779
22,1780
22,1781
22,1782
22,1783
22,1784
22,1785
22,1786
22,1787
22,1788
22,1789
22,1790
22,1791
22,1792
22,1793
22,1794
22,1795
22,1796
22,1798
22,1799
22,1802
22,1803
22,1804
22,1805
22,1808
22,1809
22,1810
22,1811
22,1812
22,1813
22,1814
22,1815
22,1816
22,1817
22,1818
22,1819
22,1820
22,1821
22,1823
22,1824
22,1825
22,1826
22,1827
22,1828
22,1829
22,1830
22,1831
22,1832
22,1833
22,1836
22,1837
22,1838
22,1839
22,1840
22,1841
22,1842
22,1843
22,1845
22,1846
22,1847
22,1848
22,1849
22,1850
22,1851
22,1852
22,1853
22,1854
22,1855
22,1856
22,1857
22,1861
22,1862
22,1863
22,1864
22,1865
22,1866
22,1867
22,1868
22,1871
22,1872
22,1873
22,1874
22,1875
22,1876
22,1877
22,1878
22,1879
22,1880
22,1885
22,1886
22,1887
22,1888
22,1889
22,1890
22,1895
22,1896
22,1906
22,1907
22,1908
22,1909
22,1910
22,1911
22,1912
22,1913
22,1914
22,1915
22,1918
22,1919
22,1920
22,1921
22,1922
22,1925
22,1926
22,1927
22,1929
22,1930
22,1931
22,1932
22,1933
22,1934
22,1938
22,1939
22,1941
22,1942
22,1943
22,1944
22,1945
22,1946
22,1947
22,1948
22,1949
22,1950
22,1951
22,1952
22,1953
22,1954
22,1955
22,1956
22,1957
22,1958
22,1959
22,1960
22,1961
22,1962
22,1963
22,1964
22,1965
22,1966
22,1967
22,1968
22,1969
22,1970
22,1971
22,1972
22,1973
22,1974
22,1977
22,1978
22,1979
22,1980
22,1981
22,1982
22,1983
22,1984
22,1985
22,1986
22,1987
22,1989
22,1990
22,1991
22,1992
22,1993
22,1994
22,1995
22,1996
22,1997
22,1998
22,1999
22,2003
22,2004
22,2005
22,2006
22,2007
22,2008
22,2009
22,2010
22,2011
22,2015
22,2016
22,2018
22,2020
22,2021
22,2022
22,2023
22,2024
22,2025
22,2026
22,2027
22,2028
22,2029
22,2030
22,2031
22,2034
22,2035
22,2036
22,2039
22,2040
22,2041
22,2042
22,2043
22,2044
22,2045
22,2046
22,2049
22,2050
22,2051
22,2052
22,2053
22,2054
22,2055
22,2056
22,2057
22,2061
22,2062
22,2063
22,2064
22,2065
22,2066
22,2067
22,2068
22,2069
22,2070
22,2071
22,2072
22,2073
22,2074
22,2075
22,2076
22,2077
22,2078
22,2079
22,2080
22,2081
22,2082
22,2083
22,2084
22,2085
22,2086
22,2087
22,2088
22,2089
22,2090
22,2093
22,2094
22,2095
22,2096
22,2097
22,2098
22,2099
22,2100
22,2101
22,2102
22,2103
22,2104
22,2105
22,2106
22,2116
22,2117
22,2118
22,2120
22,2121
22,2122
22,2123
22,2124
22,2125
22,2126
22,2127
22,2138
22,2139
22,2140
22,2150
22,2151
22,2152
22,2153
22,2154
22,2155
22,2156
22,2157
22,2158
22,2160
22,2161
22,2162
22,2164
22,2165
22,2166
22,2167
22,2168
22,2169
22,2170
22,2172
22,2173
22,2175
22,2176
22,2177
22,2178
22,2179
22,2180
22,2181
22,2182
22,2183
22,2184
22,2185
23,1
23,3
23,4
23,5
23,6
23,7
23,8
23,9
23,10
23,11
23,12
23,14
23,15
23,17
23,19
23,20
23,21
23,22
23,23
23,24
23,25
23,26
23,27
23,29
23,30
23,31
23,32
23,33
23,34
23,35
23,37
23,38
23,41
23,42
23,43
23,44
23,45
23,46
23,47
23,50
23,51
23,52
23,53
23,54
23,55
23,56
23,58
23,59
23,61
23,62
23,63
23,64
23,65
23,66
23,67
23,68
23,70
23,71
23,75
23,76
23,77
23,78
23,79
23,80
23,81
23,82
23,86
23,87
23,88
23,89
23,94
23,95
23,98
23,99
23,100
23,101
23,102
23,103
23,104
23,105
23,106
23,107
23,109
23,110
23,111
23,112
23,113
23,114
23,115
23,118
23,121
23,122
23,123
23,124
23,125
23,126
23,128
23,130
23,131
23,132
23,133
23,134
23,135
23,136
23,137
23,138
23,139
23,145
23,146
23,147
23,148
23,149
23,150
23,152
23,153
23,156
23,157
23,158
23,159
23,160
23,161
23,162
23,167
23,168
23,169
23,170
23,171
23,172
23,173
23,174
23,176
23,177
23,178
23,179
23,180
23,181
23,182
23,183
23,184
23,185
23,186
23,187
23,188
23,194
23,195
23,196
23,197
23,198
23,204
23,205
23,206
23,207
23,208
23,209
23,210
23,211
23,212
23,216
23,217
23,218
23,219
23,220
23,221
23,222
23,223
23,226
23,227
23,228
23,229
23,230
23,231
23,232
23,233
23,236
23,237
23,241
23,242
23,243
23,244
23,245
23,246
23,247
23,248
23,253
23,254
23,255
23,256
23,257
23,258
23,259
23,260
23,261
23,262
23,263
23,264
23,265
23,266
23,267
23,268
23,269
23,270
23,272
23,279
23,283
23,284
23,285
23,288
23,289
23,290
23,291
23,292
23,293
23,294
23,295
23,296
23,297
23,298
23,300
23,301
23,302
23,303
23,304
23,305
23,306
23,307
23,308
23,309
23,310
23,311
23,312
23,313
23,314
23,315
23,316
23,317
23,318
23,319
23,320
23,321
23,322
23,325
23,326
23,327
23,328
23,329
23,330
23,331
23,333
23,334
23,335
23,336
23,338
23,339
23,340
23,341
23,342
23,343
23,344
23,345
23,346
23,347
23,348
23,349
23,350
23,351
23,352
23,353
23,354
23,355
23,356
23,357
23,358
23,359
23,360
23,361
23,362
23,363
23,364
23,365
23,366
23,367
23,368
23,369
23,370
23,371
23,372
23,373
23,374
23,375
23,376
23,377
23,378
23,379
23,380
23,381
23,382
23,383
23,384
23,385
23,386
23,387
23,388
23,389
23,390
23,391
23,392
23,393
23,394
23,395
23,396
23,397
23,398
23,399
23,400
23,401
23,402
23,403
23,404
23,405
23,406
23,407
23,408
23,409
23,410
23,411
23,413
23,414
23,415
23,417
23,418
23,419
23,420
23,421
23,422
23,423
23,424
23,425
23,426
23,433
23,434
23,435
23,436
23,437
23,438
23,439
23,441
23,442
23,443
23,444
23,445
23,446
23,447
23,448
23,451
23,452
23,453
23,454
23,455
23,456
23,457
23,458
23,459
23,460
23,462
23,463
23,464
23,467
23,468
23,469
23,470
23,471
23,472
23,473
23,474
23,475
23,479
23,480
23,481
23,482
23,483
23,484
23,485
23,486
23,487
23,488
23,489
23,490
23,494
23,495
23,496
23,497
23,498
23,499
23,500
23,501
23,502
23,503
23,504
23,507
23,508
23,509
23,510
23,511
23,512
23,513
23,514
23,515
23,517
23,518
23,519
23,520
23,521
23,524
23,525
23,526
23,527
23,530
23,531
23,532
23,533
23,534
23,535
23,536
23,537
23,538
23,539
23,540
23,541
23,545
23,546
23,547
23,548
23,549
23,550
23,551
23,552
23,554
23,555
23,556
23,557
23,558
23,559
23,560
23,561
23,562
23,563
23,564
23,565
23,569
23,570
23,571
23,572
23,573
23,575
23,577
23,580
23,581
23,582
23,583
23,584
23,585
23,586
23,587
23,588
23,589
23,592
23,593
23,594
23,595
23,596
23,597
23,598
23,599
23,600
23,604
23,605
23,606
23,607
23,608
23,609
23,610
23,611
23,615
23,616
23,617
23,618
23,619
23,620
23,621
23,622
23,623
23,624
23,627
23,628
23,629
23,630
23,631
23,632
23,633
23,635
23,636
23,638
23,639
23,640
23,641
23,642
23,643
23,644
23,645
23,646
23,647
23,648
23,650
23,651
23,652
23,653
23,654
23,655
23,656
23,657
23,658
23,661
23,662
23,665
23,666
23,667
23,668
23,669
23,670
23,672
23,673
23,675
23,676
23,677
23,678
23,679
23,680
23,681
23,682
23,683
23,684
23,685
23,687
23,688
23,689
23,690
23,691
23,692
23,693
23,694
23,697
23,699
23,700
23,701
23,702
23,703
23,704
23,705
23,706
23,707
23,708
23,709
23,710
23,711
23,712
23,714
23,715
23,716
23,717
23,718
23,719
23,720
23,721
23,722
23,724
23,725
23,726
23,727
23,728
23,729
23,730
23,731
23,732
23,733
23,734
23,735
23,736
23,737
23,738
23,739
23,740
23,741
23,742
23,743
23,744
23,745
23,746
23,747
23,748
23,749
23,750
23,751
23,752
23,753
23,754
23,755
23,756
23,757
23,758
23,759
23,760
23,761
23,762
23,763
23,764
23,765
23,766
23,767
23,768
23,769
23,770
23,771
23,772
23,773
23,774
23,775
23,776
23,777
23,778
23,779
23,780
23,781
23,782
23,783
23,785
23,786
23,787
23,788
23,789
23,790
23,791
23,794
23,795
23,797
23,798
23,799
23,800
23,801
23,802
23,803
23,804
23,805
23,806
23,807
23,809
23,810
23,811
23,812
23,813
23,814
23,815
23,816
23,817
23,818
23,819
23,822
23,824
23,825
23,826
23,827
23,828
23,829
23,831
23,832
23,833
23,834
23,835
23,836
23,837
23,838
23,839
23,840
23,841
23,842
23,843
23,847
23,848
23,849
23,850
23,851
23,852
23,853
23,854
23,855
23,857
23,858
23,859
23,860
23,861
23,862
23,863
23,864
23,865
23,866
23,871
23,872
23,873
23,874
23,875
23,876
23,878
23,879
23,883
23,884
23,885
23,886
23,887
23,888
23,889
23,890
23,891
23,892
23,895
23,896
23,897
23,898
23,899
23,903
23,904
23,907
23,908
23,909
23,910
23,911
23,912
23,915
23,916
23,918
23,919
23,920
23,921
23,922
23,923
23,924
23,925
23,926
23,927
23,928
23,929
23,930
23,931
23,932
23,933
23,934
23,935
23,936
23,937
23,938
23,939
23,940
23,941
23,942
23,943
23,944
23,945
23,946
23,947
23,948
23,949
23,950
23,951
23,954
23,955
23,956
23,957
23,958
23,959
23,960
23,961
23,962
23,963
23,964
23,966
23,967
23,968
23,969
23,970
23,971
23,972
23,973
23,974
23,975
23,976
23,980
23,981
23,982
23,983
23,984
23,985
23,986
23,987
23,988
23,992
23,993
23,994
23,995
23,998
23,999
23,1003
23,1005
23,1006
23,1007
23,1008
23,1009
23,1010
23,1011
23,1012
23,1015
23,1016
23,1017
23,1018
23,1021
23,1022
23,1023
23,1024
23,1025
23,1026
23,1027
23,1028
23,1031
23,1032
23,1033
23,1034
23,1035
23,1036
23,1037
23,1038
23,1039
23,1040
23,1041
23,1042
23,1043
23,1044
23,1045
23,1046
23,1047
23,1048
23,1049
23,1050
23,1051
23,1052
23,1053
23,1055
23,1056
23,1057
23,1058
23,1059
23,1060
23,1061
23,1063
23,1064
23,1065
23,1066
23,1067
23,1068
23,1069
23,1070
23,1071
23,1072
23,1082
23,1084
23,1085
23,1086
23,1087
23,1088
23,1089
23,1091
23,1092
23,1093
23,1094
23,1095
23,1096
23,1097
23,1098
23,1116
23,1117
23,1122
23,1124
23,1125
23,1126
23,1127
23,1128
23,1129
23,1130
23,1131
23,1132
23,1133
23,1134
24,1
24,2
24,3
24,4
24,5
24,11
24,12
24,13
24,14
24,15
24,16
24,18
24,19
24,20
24,22
24,23
24,24
24,28
24,29
24,30
24,31
24,32
24,33
24,35
24,37
24,38
24,40
24,41
24,42
24,43
24,44
24,45
24,46
24,47
24,48
24,49
24,50
24,56
24,57
24,58
24,59
24,60
24,66
24,67
24,68
24,69
24,70
24,71
24,72
24,73
24,74
24,78
24,79
24,80
24,81
24,82
24,83
24,84
24,85
24,88
24,89
24,90
24,91
24,92
24,93
24,94
24,95
24,96
24,98
24,99
24,103
24,104
24,105
24,106
24,107
24,108
24,109
24,110
24,115
24,116
24,117
24,118
24,119
24,120
24,121
24,122
24,123
24,125
24,126
24,127
24,128
24,129
24,130
24,131
24,132
24,134
24,135
24,139
24,140
24,141
24,142
24,143
24,144
24,145
24,148
24,149
24,150
24,151
24,152
24,153
24,154
24,155
24,156
24,157
24,158
24,160
24,161
24,162
24,163
24,164
24,165
24,166
24,167
24,170
24,171
24,172
24,173
24,174
24,175
24,176
24,177
24,178
24,179
24,180
24,181
24,182
24,183
24,186
24,187
24,188
24,189
24,190
24,191
24,192
24,194
24,195
24,196
24,197
24,199
24,200
24,201
24,202
24,203
24,204
24,206
24,207
24,208
24,209
24,210
24,211
24,212
24,213
24,214
24,215
24,216
24,217
24,218
24,219
24,220
24,221
24,229
24,230
24,235
24,236
24,237
24,238
24,239
24,240
24,241
24,242
24,287
24,288
24,289
24,292
24,293
24,295
24,297
24,298
24,299
24,300
24,301
24,303
24,304
24,305
24,307
24,308
24,309
24,310
24,311
24,312
24,313
24,314
24,316
24,320
24,321
24,322
24,323
24,324
24,325
24,326
24,327
24,328
24,329
24,330
24,331
24,335
24,336
24,337
24,338
24,339
24,340
24,341
24,342
24,343
24,344
24,345
24,348
24,349
24,350
24,351
24,352
24,353
24,354
24,355
24,356
24,358
24,359
24,360
24,361
24,362
24,363
24,364
24,365
24,366
24,367
24,370
24,371
24,372
24,373
24,374
24,375
24,376
24,377
24,378
24,379
24,380
24,381
24,385
24,386
24,387
24,388
24,389
24,390
24,391
24,392
24,394
24,395
24,396
24,397
24,398
24,399
24,400
24,401
24,402
24,403
24,404
24,405
24,409
24,410
24,411
24,412
24,413
24,415
24,417
24,420
24,421
24,422
24,423
24,424
24,427
24,428
24,429
24,430
24,433
24,434
24,435
24,436
24,437
24,438
24,439
24,440
24,441
24,445
24,446
24,447
24,448
24,449
24,450
24,451
24,452
24,456
24,457
24,458
24,459
24,460
24,461
24,462
24,463
24,464
24,465
24,468
24,469
24,470
24,471
24,472
24,473
24,474
24,476
24,477
24,479
24,480
24,481
24,482
24,483
24,484
24,485
24,486
24,487
24,488
24,489
24,491
24,492
24,493
24,494
24,495
24,496
24,497
24,498
24,499
24,502
24,503
24,506
24,507
24,508
24,509
24,510
24,511
24,513
24,514
24,516
24,517
24,518
24,519
24,520
24,521
24,522
24,523
24,524
24,525
24,526
24,528
24,529
24,530
24,531
24,532
24,533
24,534
24,537
24,540
24,541
24,542
24,543
24,544
24,545
24,546
24,547
24,548
24,549
24,550
24,551
24,553
24,555
24,556
24,557
24,558
24,559
24,560
24,562
24,563
24,565
24,566
24,567
24,568
24,569
24,570
24,571
24,572
24,573
24,574
24,575
24,576
24,577
24,578
24,579
24,580
24,581
24,582
24,583
24,584
24,585
24,586
24,587
24,588
24,589
24,590
24,591
24,592
24,593
24,594
24,595
24,596
24,597
24,598
24,599
24,600
24,601
24,602
24,603
24,604
24,605
24,606
24,607
24,608
24,609
24,610
24,611
24,612
24,613
24,614
24,615
24,616
24,617
24,618
24,619
24,620
24,621
24,622
24,623
24,625
24,626
24,627
24,628
24,629
24,630
24,634
24,635
24,636
24,637
24,638
24,639
24,640
24,641
24,642
24,643
24,644
24,645
24,646
24,647
24,649
24,650
24,651
24,652
24,653
24,654
24,655
24,656
24,657
24,658
24,659
24,661
24,662
24,663
24,664
24,665
24,666
24,667
24,668
24,669
24,671
24,672
24,673
24,674
24,675
24,676
24,677
24,678
24,679
24,680
24,681
24,683
24,687
24,688
24,689
24,690
24,691
24,692
24,693
24,694
24,697
24,698
24,699
24,700
24,701
24,702
24,703
24,704
24,705
24,706
24,711
24,712
24,713
24,714
24,715
24,716
24,717
24,718
24,719
24,722
24,723
24,724
24,725
24,726
24,727
24,728
24,729
24,730
24,731
24,733
24,734
24,735
24,736
24,737
24,738
24,741
24,742
24,743
24,745
24,746
24,747
24,748
24,749
24,750
24,753
24,754
24,755
24,756
24,757
24,758
24,759
24,760
24,761
24,762
24,763
24,764
24,765
24,766
24,767
24,768
24,769
24,770
24,771
24,772
24,773
24,774
24,775
24,776
24,777
24,778
24,779
24,780
24,781
24,782
24,783
24,784
24,785
24,786
24,787
24,788
24,789
24,792
24,793
24,794
24,795
24,796
24,797
24,798
24,799
24,800
24,801
24,802
24,803
24,804
24,805
24,806
24,807
24,808
24,809
24,810
24,811
24,812
24,813
24,814
24,815
24,818
24,819
24,820
24,821
24,822
24,823
24,824
24,825
24,826
24,827
24,831
24,832
24,834
24,836
24,838
24,839
24,840
24,841
24,842
24,843
24,844
24,845
24,846
24,847
24,849
24,850
24,851
24,853
24,855
24,856
24,857
24,858
24,859
24,860
24,861
24,862
24,866
24,867
24,868
24,869
24,870
24,871
24,872
24,873
24,874
24,875
24,876
24,877
24,878
24,879
24,880
24,881
24,882
24,884
24,885
24,886
24,887
24,888
24,889
24,890
24,891
24,892
24,893
24,894
24,895
24,896
24,897
24,898
24,899
24,900
24,901
24,902
24,903
24,918
24,919
24,920
24,928
